START_DATE,START_TIME,START_TIME_ET,SUBJECT,LOCATION,DESCRIPTION,END_DATE,END_DATE_ET,END_TIME,END_TIME_ET,REMINDER_OFF,REMINDER_ON,REMINDER_DATE,REMINDER_TIME,REMINDER_TIME_ET,SHOWTIMEAS_FREE,SHOWTIMEAS_BUSY
02/26/14,01:05 PM,01:05 PM,Yankees at Pirates,McKechnie Field,"Local Radio: KDKA-FM 93.7",02/26/14,02/26/14,04:05 PM,04:05 PM,FALSE,TRUE,02/26/14,12:05 PM,12:05 PM,FREE,BUSY
02/27/14,01:05 PM,01:05 PM,Pirates at Yankees,George M. Steinbrenner Field,"Local TV: MLBN (delay) ----- Local Radio: MLB.com",02/27/14,02/27/14,04:05 PM,04:05 PM,FALSE,TRUE,02/27/14,12:05 PM,12:05 PM,FREE,BUSY
02/28/14,01:05 PM,01:05 PM,Pirates at Blue Jays,Florida Auto Exchange Stadium,"Local Radio: MLB.com",02/28/14,02/28/14,04:05 PM,04:05 PM,FALSE,TRUE,02/28/14,12:05 PM,12:05 PM,FREE,BUSY
03/01/14,01:05 PM,01:05 PM,Rays at Pirates,McKechnie Field,"Local Radio: MLB.com",03/01/14,03/01/14,04:05 PM,04:05 PM,FALSE,TRUE,03/01/14,12:05 PM,12:05 PM,FREE,BUSY
03/02/14,01:05 PM,01:05 PM,Pirates at Phillies,Bright House Field,"Local Radio: KDKA-FM 93.7",03/02/14,03/02/14,04:05 PM,04:05 PM,FALSE,TRUE,03/02/14,12:05 PM,12:05 PM,FREE,BUSY
03/03/14,01:05 PM,01:05 PM,Red Sox at Pirates,McKechnie Field,"Local Radio: MLB.com",03/03/14,03/03/14,04:05 PM,04:05 PM,FALSE,TRUE,03/03/14,12:05 PM,12:05 PM,FREE,BUSY
03/04/14,01:05 PM,01:05 PM,Pirates at Tigers,Joker Marchant Stadium,"Local Radio: KDKA-FM 93.7",03/04/14,03/04/14,04:05 PM,04:05 PM,FALSE,TRUE,03/04/14,12:05 PM,12:05 PM,FREE,BUSY
03/05/14,01:05 PM,01:05 PM,Pirates at Blue Jays,Florida Auto Exchange Stadium,"Local Radio: KDKA-FM 93.7",03/05/14,03/05/14,04:05 PM,04:05 PM,FALSE,TRUE,03/05/14,12:05 PM,12:05 PM,FREE,BUSY
03/06/14,01:05 PM,01:05 PM,Blue Jays at Pirates,McKechnie Field,"Local Radio: MLB.com",03/06/14,03/06/14,04:05 PM,04:05 PM,FALSE,TRUE,03/06/14,12:05 PM,12:05 PM,FREE,BUSY
03/07/14,01:05 PM,01:05 PM,Twins at Pirates,McKechnie Field,"Local Radio: MLB.com",03/07/14,03/07/14,04:05 PM,04:05 PM,FALSE,TRUE,03/07/14,12:05 PM,12:05 PM,FREE,BUSY
03/08/14,01:05 PM,01:05 PM,Pirates at Rays,Charlotte Sports Park,"Local Radio: MLB.com",03/08/14,03/08/14,04:05 PM,04:05 PM,FALSE,TRUE,03/08/14,12:05 PM,12:05 PM,FREE,BUSY
03/09/14,01:05 PM,01:05 PM,Pirates at Orioles,Ed Smith Stadium,"Local Radio: KDKA-FM 93.7",03/09/14,03/09/14,04:05 PM,04:05 PM,FALSE,TRUE,03/09/14,12:05 PM,12:05 PM,FREE,BUSY
03/09/14,01:05 PM,01:05 PM,Red Sox at Pirates,McKechnie Field,"Local TV: ROOT SPORTS",03/09/14,03/09/14,04:05 PM,04:05 PM,FALSE,TRUE,03/09/14,12:05 PM,12:05 PM,FREE,BUSY
03/10/14,01:05 PM,01:05 PM,Orioles at Pirates,McKechnie Field,"Local Radio: KDKA-FM 93.7",03/10/14,03/10/14,04:05 PM,04:05 PM,FALSE,TRUE,03/10/14,12:05 PM,12:05 PM,FREE,BUSY
03/12/14,01:05 PM,01:05 PM,Pirates at Twins,Hammond Stadium,"Local Radio: MLB.com",03/12/14,03/12/14,04:05 PM,04:05 PM,FALSE,TRUE,03/12/14,12:05 PM,12:05 PM,FREE,BUSY
03/13/14,01:05 PM,01:05 PM,Pirates at Rays,Charlotte Sports Park,"Local Radio: MLB.com",03/13/14,03/13/14,04:05 PM,04:05 PM,FALSE,TRUE,03/13/14,12:05 PM,12:05 PM,FREE,BUSY
03/14/14,01:05 PM,01:05 PM,Phillies at Pirates,McKechnie Field,"Local Radio: MLB.com",03/14/14,03/14/14,04:05 PM,04:05 PM,FALSE,TRUE,03/14/14,12:05 PM,12:05 PM,FREE,BUSY
03/15/14,01:05 PM,01:05 PM,Rays at Pirates,McKechnie Field,"Local Radio: KDKA-FM 93.7",03/15/14,03/15/14,04:05 PM,04:05 PM,FALSE,TRUE,03/15/14,12:05 PM,12:05 PM,FREE,BUSY
03/16/14,01:05 PM,01:05 PM,Pirates at Phillies,Bright House Field,"Local TV: MLBN ----- Local Radio: KDKA-FM 93.7",03/16/14,03/16/14,04:05 PM,04:05 PM,FALSE,TRUE,03/16/14,12:05 PM,12:05 PM,FREE,BUSY
03/17/14,01:05 PM,01:05 PM,Yankees at Pirates,McKechnie Field,"Local TV: MLBN (delay) -- ROOT SPORTS",03/17/14,03/17/14,04:05 PM,04:05 PM,FALSE,TRUE,03/17/14,12:05 PM,12:05 PM,FREE,BUSY
03/19/14,07:05 PM,07:05 PM,Pirates at Red Sox,JetBlue Park,"Local TV: ROOT SPORTS ----- Local Radio: KDKA-FM 93.7",03/19/14,03/19/14,10:05 PM,10:05 PM,FALSE,TRUE,03/19/14,06:05 PM,06:05 PM,FREE,BUSY
03/20/14,07:05 PM,07:05 PM,Orioles at Pirates,McKechnie Field,"Local Radio: KDKA-FM 93.7",03/20/14,03/20/14,10:05 PM,10:05 PM,FALSE,TRUE,03/20/14,06:05 PM,06:05 PM,FREE,BUSY
03/21/14,07:05 PM,07:05 PM,Pirates at Yankees,George M. Steinbrenner Field,"Local TV: MLBN -- ROOT SPORTS ----- Local Radio: KDKA-FM 93.7",03/21/14,03/21/14,10:05 PM,10:05 PM,FALSE,TRUE,03/21/14,06:05 PM,06:05 PM,FREE,BUSY
03/22/14,01:05 PM,01:05 PM,Phillies at Pirates,McKechnie Field,"Local Radio: KDKA-FM 93.7",03/22/14,03/22/14,04:05 PM,04:05 PM,FALSE,TRUE,03/22/14,12:05 PM,12:05 PM,FREE,BUSY
03/23/14,01:05 PM,01:05 PM,Pirates at Orioles,Ed Smith Stadium,"Local Radio: KDKA-FM 93.7",03/23/14,03/23/14,04:05 PM,04:05 PM,FALSE,TRUE,03/23/14,12:05 PM,12:05 PM,FREE,BUSY
03/24/14,01:05 PM,01:05 PM,Tigers at Pirates,McKechnie Field,"Local TV: ESPN ----- Local Radio: MLB.com",03/24/14,03/24/14,04:05 PM,04:05 PM,FALSE,TRUE,03/24/14,12:05 PM,12:05 PM,FREE,BUSY
03/25/14,01:05 PM,01:05 PM,Blue Jays at Pirates,McKechnie Field,"Local Radio: KDKA-FM 93.7",03/25/14,03/25/14,04:05 PM,04:05 PM,FALSE,TRUE,03/25/14,12:05 PM,12:05 PM,FREE,BUSY
03/26/14,01:05 PM,01:05 PM,Pirates at Twins,Hammond Stadium,"Local Radio: MLB.com",03/26/14,03/26/14,04:05 PM,04:05 PM,FALSE,TRUE,03/26/14,12:05 PM,12:05 PM,FREE,BUSY
03/27/14,01:05 PM,01:05 PM,Yankees at Pirates,McKechnie Field,"Local TV: MLBN (delay) ----- Local Radio: MLB.com",03/27/14,03/27/14,04:05 PM,04:05 PM,FALSE,TRUE,03/27/14,12:05 PM,12:05 PM,FREE,BUSY
03/28/14,07:05 PM,07:05 PM,Pirates at Phillies,Citizens Bank Park,"Local Radio: KDKA-FM 93.7",03/28/14,03/28/14,10:05 PM,10:05 PM,FALSE,TRUE,03/28/14,06:05 PM,06:05 PM,FREE,BUSY
03/29/14,01:05 PM,01:05 PM,Pirates at Phillies,Citizens Bank Park,"Local TV: ROOT SPORTS ----- Local Radio: KDKA-FM 93.7",03/29/14,03/29/14,04:05 PM,04:05 PM,FALSE,TRUE,03/29/14,12:05 PM,12:05 PM,FREE,BUSY
03/31/14,01:05 PM,01:05 PM,Cubs at Pirates,PNC Park,"Local TV: ROOT SPORTS -- ESPN ----- Local Radio: KDKA-FM 93.7",03/31/14,03/31/14,04:05 PM,04:05 PM,FALSE,TRUE,03/31/14,12:05 PM,12:05 PM,FREE,BUSY
04/02/14,07:05 PM,07:05 PM,Cubs at Pirates,PNC Park,"Local TV: ROOT SPORTS ----- Local Radio: KDKA-FM 93.7",04/02/14,04/02/14,10:05 PM,10:05 PM,FALSE,TRUE,04/02/14,06:05 PM,06:05 PM,FREE,BUSY
04/03/14,12:35 PM,12:35 PM,Cubs at Pirates,PNC Park,"Local TV: ROOT SPORTS -- MLBN ----- Local Radio: KDKA-FM 93.7",04/03/14,04/03/14,03:35 PM,03:35 PM,FALSE,TRUE,04/03/14,11:35 AM,11:35 AM,FREE,BUSY
04/04/14,07:05 PM,07:05 PM,Cardinals at Pirates,PNC Park,"Local TV: MLBN -- ROOT SPORTS ----- Local Radio: KDKA-FM 93.7",04/04/14,04/04/14,10:05 PM,10:05 PM,FALSE,TRUE,04/04/14,06:05 PM,06:05 PM,FREE,BUSY
04/05/14,07:05 PM,07:05 PM,Cardinals at Pirates,PNC Park,"Local TV: MLBN ----- Local Radio: KDKA-FM 93.7",04/05/14,04/05/14,10:05 PM,10:05 PM,FALSE,TRUE,04/05/14,06:05 PM,06:05 PM,FREE,BUSY
04/06/14,01:35 PM,01:35 PM,Cardinals at Pirates,PNC Park,"Local TV: ROOT SPORTS ----- Local Radio: KDKA-FM 93.7",04/06/14,04/06/14,04:35 PM,04:35 PM,FALSE,TRUE,04/06/14,12:35 PM,12:35 PM,FREE,BUSY
04/08/14,08:05 PM,08:05 PM,Pirates at Cubs,Wrigley Field,"Local TV: ROOT SPORTS ----- Local Radio: KDKA-FM 93.7",04/08/14,04/08/14,11:05 PM,11:05 PM,FALSE,TRUE,04/08/14,07:05 PM,07:05 PM,FREE,BUSY
04/09/14,08:05 PM,08:05 PM,Pirates at Cubs,Wrigley Field,"Local TV: ROOT SPORTS ----- Local Radio: KDKA-FM 93.7",04/09/14,04/09/14,11:05 PM,11:05 PM,FALSE,TRUE,04/09/14,07:05 PM,07:05 PM,FREE,BUSY
04/10/14,02:20 PM,02:20 PM,Pirates at Cubs,Wrigley Field,"Local TV: ROOT SPORTS -- MLBN ----- Local Radio: KDKA-FM 93.7",04/10/14,04/10/14,05:20 PM,05:20 PM,FALSE,TRUE,04/10/14,01:20 PM,01:20 PM,FREE,BUSY
04/11/14,08:10 PM,08:10 PM,Pirates at Brewers,Miller Park,"Local TV: ROOT SPORTS ----- Local Radio: KDKA-FM 93.7",04/11/14,04/11/14,11:10 PM,11:10 PM,FALSE,TRUE,04/11/14,07:10 PM,07:10 PM,FREE,BUSY
04/12/14,07:10 PM,07:10 PM,Pirates at Brewers,Miller Park,"Local TV: ROOT SPORTS ----- Local Radio: KDKA-FM 93.7",04/12/14,04/12/14,10:10 PM,10:10 PM,FALSE,TRUE,04/12/14,06:10 PM,06:10 PM,FREE,BUSY
04/13/14,02:10 PM,02:10 PM,Pirates at Brewers,Miller Park,"Local TV: ROOT SPORTS ----- Local Radio: KDKA-FM 93.7",04/13/14,04/13/14,05:10 PM,05:10 PM,FALSE,TRUE,04/13/14,01:10 PM,01:10 PM,FREE,BUSY
04/14/14,07:10 PM,07:10 PM,Pirates at Reds,Great American Ball Park,"Local TV: ROOT SPORTS ----- Local Radio: KDKA-FM 93.7",04/14/14,04/14/14,10:10 PM,10:10 PM,FALSE,TRUE,04/14/14,06:10 PM,06:10 PM,FREE,BUSY
04/15/14,07:10 PM,07:10 PM,Pirates at Reds,Great American Ball Park,"Local TV: ROOT SPORTS -- MLBN ----- Local Radio: KDKA-FM 93.7",04/15/14,04/15/14,10:10 PM,10:10 PM,FALSE,TRUE,04/15/14,06:10 PM,06:10 PM,FREE,BUSY
04/16/14,12:35 PM,12:35 PM,Pirates at Reds,Great American Ball Park,"Local TV: ROOT SPORTS -- MLBN ----- Local Radio: KDKA-FM 93.7",04/16/14,04/16/14,03:35 PM,03:35 PM,FALSE,TRUE,04/16/14,11:35 AM,11:35 AM,FREE,BUSY
04/17/14,07:05 PM,07:05 PM,Brewers at Pirates,PNC Park,"Local TV: MLBN -- ROOT SPORTS ----- Local Radio: KDKA-FM 93.7",04/17/14,04/17/14,10:05 PM,10:05 PM,FALSE,TRUE,04/17/14,06:05 PM,06:05 PM,FREE,BUSY
04/18/14,07:05 PM,07:05 PM,Brewers at Pirates,PNC Park,"Local TV: ROOT SPORTS ----- Local Radio: KDKA-FM 93.7",04/18/14,04/18/14,10:05 PM,10:05 PM,FALSE,TRUE,04/18/14,06:05 PM,06:05 PM,FREE,BUSY
04/19/14,07:05 PM,07:05 PM,Brewers at Pirates,PNC Park,"Local TV: ROOT SPORTS ----- Local Radio: KDKA-FM 93.7",04/19/14,04/19/14,10:05 PM,10:05 PM,FALSE,TRUE,04/19/14,06:05 PM,06:05 PM,FREE,BUSY
04/20/14,01:35 PM,01:35 PM,Brewers at Pirates,PNC Park,"Local TV: ROOT SPORTS ----- Local Radio: KDKA-FM 93.7",04/20/14,04/20/14,04:35 PM,04:35 PM,FALSE,TRUE,04/20/14,12:35 PM,12:35 PM,FREE,BUSY
04/21/14,07:05 PM,07:05 PM,Reds at Pirates,PNC Park,"Local Radio: KDKA-FM 93.7",04/21/14,04/21/14,10:05 PM,10:05 PM,FALSE,TRUE,04/21/14,06:05 PM,06:05 PM,FREE,BUSY
04/22/14,07:05 PM,07:05 PM,Reds at Pirates,PNC Park,"Local TV: ROOT SPORTS ----- Local Radio: KDKA-FM 93.7",04/22/14,04/22/14,10:05 PM,10:05 PM,FALSE,TRUE,04/22/14,06:05 PM,06:05 PM,FREE,BUSY
04/23/14,07:05 PM,07:05 PM,Reds at Pirates,PNC Park,"Local TV: ROOT SPORTS ----- Local Radio: KDKA-FM 93.7",04/23/14,04/23/14,10:05 PM,10:05 PM,FALSE,TRUE,04/23/14,06:05 PM,06:05 PM,FREE,BUSY
04/24/14,12:35 PM,12:35 PM,Reds at Pirates,PNC Park,"Local TV: ROOT SPORTS -- MLBN ----- Local Radio: KDKA-FM 93.7",04/24/14,04/24/14,03:35 PM,03:35 PM,FALSE,TRUE,04/24/14,11:35 AM,11:35 AM,FREE,BUSY
04/25/14,08:15 PM,08:15 PM,Pirates at Cardinals,Busch Stadium,"Local TV: ROOT SPORTS -- MLBN ----- Local Radio: KDKA-FM 93.7",04/25/14,04/25/14,11:15 PM,11:15 PM,FALSE,TRUE,04/25/14,07:15 PM,07:15 PM,FREE,BUSY
04/26/14,04:05 PM,04:05 PM,Pirates at Cardinals,Busch Stadium,"Local TV: FS1 -- ROOT SPORTS ----- Local Radio: KDKA-FM 93.7",04/26/14,04/26/14,07:05 PM,07:05 PM,FALSE,TRUE,04/26/14,03:05 PM,03:05 PM,FREE,BUSY
04/27/14,02:15 PM,02:15 PM,Pirates at Cardinals,Busch Stadium,"Local TV: ROOT SPORTS ----- Local Radio: KDKA-FM 93.7",04/27/14,04/27/14,05:15 PM,05:15 PM,FALSE,TRUE,04/27/14,01:15 PM,01:15 PM,FREE,BUSY
04/29/14,07:05 PM,07:05 PM,Pirates at Orioles,Oriole Park at Camden Yards,"Local TV: ROOT SPORTS ----- Local Radio: KDKA-FM 93.7",04/29/14,04/29/14,10:05 PM,10:05 PM,FALSE,TRUE,04/29/14,06:05 PM,06:05 PM,FREE,BUSY
04/30/14,07:05 PM,07:05 PM,Pirates at Orioles,Oriole Park at Camden Yards,"Local TV: ROOT SPORTS ----- Local Radio: KDKA-FM 93.7",04/30/14,04/30/14,10:05 PM,10:05 PM,FALSE,TRUE,04/30/14,06:05 PM,06:05 PM,FREE,BUSY
05/02/14,07:05 PM,07:05 PM,Blue Jays at Pirates,PNC Park,"Local TV: ROOT SPORTS ----- Local Radio: KDKA-FM 93.7",05/02/14,05/02/14,10:05 PM,10:05 PM,FALSE,TRUE,05/02/14,06:05 PM,06:05 PM,FREE,BUSY
05/03/14,07:05 PM,07:05 PM,Blue Jays at Pirates,PNC Park,"Local TV: ROOT SPORTS ----- Local Radio: KDKA-FM 93.7",05/03/14,05/03/14,10:05 PM,10:05 PM,FALSE,TRUE,05/03/14,06:05 PM,06:05 PM,FREE,BUSY
05/04/14,01:35 PM,01:35 PM,Blue Jays at Pirates,PNC Park,"Local TV: ROOT SPORTS ----- Local Radio: KDKA-FM 93.7",05/04/14,05/04/14,04:35 PM,04:35 PM,FALSE,TRUE,05/04/14,12:35 PM,12:35 PM,FREE,BUSY
05/05/14,07:05 PM,07:05 PM,Giants at Pirates,PNC Park,"Local TV: ROOT SPORTS ----- Local Radio: KDKA-FM 93.7",05/05/14,05/05/14,10:05 PM,10:05 PM,FALSE,TRUE,05/05/14,06:05 PM,06:05 PM,FREE,BUSY
05/06/14,07:05 PM,07:05 PM,Giants at Pirates,PNC Park,"Local TV: ROOT SPORTS ----- Local Radio: KDKA-FM 93.7",05/06/14,05/06/14,10:05 PM,10:05 PM,FALSE,TRUE,05/06/14,06:05 PM,06:05 PM,FREE,BUSY
05/07/14,12:35 PM,12:35 PM,Giants at Pirates,PNC Park,"Local TV: ROOT SPORTS ----- Local Radio: KDKA-FM 93.7",05/07/14,05/07/14,03:35 PM,03:35 PM,FALSE,TRUE,05/07/14,11:35 AM,11:35 AM,FREE,BUSY
05/09/14,07:05 PM,07:05 PM,Cardinals at Pirates,PNC Park,"Local TV: ROOT SPORTS ----- Local Radio: KDKA-FM 93.7",05/09/14,05/09/14,10:05 PM,10:05 PM,FALSE,TRUE,05/09/14,06:05 PM,06:05 PM,FREE,BUSY
05/10/14,07:05 PM,07:05 PM,Cardinals at Pirates,PNC Park,"Local TV: ROOT SPORTS ----- Local Radio: KDKA-FM 93.7",05/10/14,05/10/14,10:05 PM,10:05 PM,FALSE,TRUE,05/10/14,06:05 PM,06:05 PM,FREE,BUSY
05/11/14,08:05 PM,08:05 PM,Cardinals at Pirates,PNC Park,"Local TV: ESPN ----- Local Radio: KDKA-FM 93.7",05/11/14,05/11/14,11:05 PM,11:05 PM,FALSE,TRUE,05/11/14,07:05 PM,07:05 PM,FREE,BUSY
05/13/14,08:10 PM,08:10 PM,Pirates at Brewers,Miller Park,"Local TV: ROOT SPORTS ----- Local Radio: KDKA-FM 93.7",05/13/14,05/13/14,11:10 PM,11:10 PM,FALSE,TRUE,05/13/14,07:10 PM,07:10 PM,FREE,BUSY
05/14/14,08:10 PM,08:10 PM,Pirates at Brewers,Miller Park,"Local TV: ROOT SPORTS ----- Local Radio: KDKA-FM 93.7",05/14/14,05/14/14,11:10 PM,11:10 PM,FALSE,TRUE,05/14/14,07:10 PM,07:10 PM,FREE,BUSY
05/15/14,01:10 PM,01:10 PM,Pirates at Brewers,Miller Park,"Local TV: ROOT SPORTS ----- Local Radio: KDKA-FM 93.7",05/15/14,05/15/14,04:10 PM,04:10 PM,FALSE,TRUE,05/15/14,12:10 PM,12:10 PM,FREE,BUSY
05/16/14,07:05 PM,07:05 PM,Pirates at Yankees,Yankee Stadium,"Local TV: ROOT SPORTS ----- Local Radio: KDKA-FM 93.7",05/16/14,05/16/14,10:05 PM,10:05 PM,FALSE,TRUE,05/16/14,06:05 PM,06:05 PM,FREE,BUSY
05/17/14,04:05 PM,04:05 PM,Pirates at Yankees,Yankee Stadium,"Local TV: FS1 -- ROOT SPORTS ----- Local Radio: KDKA-FM 93.7",05/17/14,05/17/14,07:05 PM,07:05 PM,FALSE,TRUE,05/17/14,03:05 PM,03:05 PM,FREE,BUSY
05/18/14,01:05 PM,01:05 PM,Pirates at Yankees,Yankee Stadium,"Local TV: ROOT SPORTS ----- Local Radio: KDKA-FM 93.7",05/18/14,05/18/14,04:05 PM,04:05 PM,FALSE,TRUE,05/18/14,12:05 PM,12:05 PM,FREE,BUSY
05/20/14,07:05 PM,07:05 PM,Orioles at Pirates,PNC Park,"Local TV: ROOT SPORTS ----- Local Radio: KDKA-FM 93.7",05/20/14,05/20/14,10:05 PM,10:05 PM,FALSE,TRUE,05/20/14,06:05 PM,06:05 PM,FREE,BUSY
05/21/14,07:05 PM,07:05 PM,Orioles at Pirates,PNC Park,"Local TV: ROOT SPORTS ----- Local Radio: KDKA-FM 93.7",05/21/14,05/21/14,10:05 PM,10:05 PM,FALSE,TRUE,05/21/14,06:05 PM,06:05 PM,FREE,BUSY
05/22/14,07:05 PM,07:05 PM,Nationals at Pirates,PNC Park,"Local TV: ROOT SPORTS ----- Local Radio: KDKA-FM 93.7",05/22/14,05/22/14,10:05 PM,10:05 PM,FALSE,TRUE,05/22/14,06:05 PM,06:05 PM,FREE,BUSY
05/23/14,07:05 PM,07:05 PM,Nationals at Pirates,PNC Park,"Local TV: ROOT SPORTS ----- Local Radio: KDKA-FM 93.7",05/23/14,05/23/14,10:05 PM,10:05 PM,FALSE,TRUE,05/23/14,06:05 PM,06:05 PM,FREE,BUSY
05/24/14,07:15 PM,07:15 PM,Nationals at Pirates,PNC Park,"Local TV: FOX ----- Local Radio: KDKA-FM 93.7",05/24/14,05/24/14,10:15 PM,10:15 PM,FALSE,TRUE,05/24/14,06:15 PM,06:15 PM,FREE,BUSY
05/25/14,01:35 PM,01:35 PM,Nationals at Pirates,PNC Park,"Local TV: ROOT SPORTS ----- Local Radio: KDKA-FM 93.7",05/25/14,05/25/14,04:35 PM,04:35 PM,FALSE,TRUE,05/25/14,12:35 PM,12:35 PM,FREE,BUSY
05/26/14,01:10 PM,01:10 PM,Pirates at Mets,Citi Field,"Local TV: ROOT SPORTS ----- Local Radio: KDKA-FM 93.7",05/26/14,05/26/14,04:10 PM,04:10 PM,FALSE,TRUE,05/26/14,12:10 PM,12:10 PM,FREE,BUSY
05/27/14,07:10 PM,07:10 PM,Pirates at Mets,Citi Field,"Local TV: ROOT SPORTS ----- Local Radio: KDKA-FM 93.7",05/27/14,05/27/14,10:10 PM,10:10 PM,FALSE,TRUE,05/27/14,06:10 PM,06:10 PM,FREE,BUSY
05/28/14,01:10 PM,01:10 PM,Pirates at Mets,Citi Field,"Local TV: ROOT SPORTS ----- Local Radio: KDKA-FM 93.7",05/28/14,05/28/14,04:10 PM,04:10 PM,FALSE,TRUE,05/28/14,12:10 PM,12:10 PM,FREE,BUSY
05/29/14,10:10 PM,10:10 PM,Pirates at Dodgers,Dodger Stadium,"Local TV: ROOT SPORTS ----- Local Radio: KDKA-FM 93.7",05/30/14,05/30/14,01:10 AM,01:10 AM,FALSE,TRUE,05/29/14,09:10 PM,09:10 PM,FREE,BUSY
05/30/14,10:10 PM,10:10 PM,Pirates at Dodgers,Dodger Stadium,"Local TV: ROOT SPORTS ----- Local Radio: KDKA-FM 93.7",05/31/14,05/31/14,01:10 AM,01:10 AM,FALSE,TRUE,05/30/14,09:10 PM,09:10 PM,FREE,BUSY
05/31/14,07:15 PM,07:15 PM,Pirates at Dodgers,Dodger Stadium,"Local TV: FOX ----- Local Radio: KDKA-FM 93.7",05/31/14,05/31/14,10:15 PM,10:15 PM,FALSE,TRUE,05/31/14,06:15 PM,06:15 PM,FREE,BUSY
06/01/14,03:33 AM,03:33 AM,Pirates at Dodgers,Dodger Stadium,"Local TV: ROOT SPORTS ----- Local Radio: KDKA-FM 93.7",06/01/14,06/01/14,06:33 AM,06:33 AM,FALSE,TRUE,06/01/14,02:33 AM,02:33 AM,FREE,BUSY
06/02/14,10:10 PM,10:10 PM,Pirates at Padres,Petco Park,"Local TV: ROOT SPORTS ----- Local Radio: KDKA-FM 93.7",06/03/14,06/03/14,01:10 AM,01:10 AM,FALSE,TRUE,06/02/14,09:10 PM,09:10 PM,FREE,BUSY
06/03/14,10:10 PM,10:10 PM,Pirates at Padres,Petco Park,"Local TV: ROOT SPORTS ----- Local Radio: KDKA-FM 93.7",06/04/14,06/04/14,01:10 AM,01:10 AM,FALSE,TRUE,06/03/14,09:10 PM,09:10 PM,FREE,BUSY
06/04/14,06:40 PM,06:40 PM,Pirates at Padres,Petco Park,"Local TV: ROOT SPORTS ----- Local Radio: KDKA-FM 93.7",06/04/14,06/04/14,09:40 PM,09:40 PM,FALSE,TRUE,06/04/14,05:40 PM,05:40 PM,FREE,BUSY
06/06/14,07:05 PM,07:05 PM,Brewers at Pirates,PNC Park,"Local TV: ROOT SPORTS ----- Local Radio: KDKA-FM 93.7",06/06/14,06/06/14,10:05 PM,10:05 PM,FALSE,TRUE,06/06/14,06:05 PM,06:05 PM,FREE,BUSY
06/07/14,04:05 PM,04:05 PM,Brewers at Pirates,PNC Park,"Local TV: ROOT SPORTS ----- Local Radio: KDKA-FM 93.7",06/07/14,06/07/14,07:05 PM,07:05 PM,FALSE,TRUE,06/07/14,03:05 PM,03:05 PM,FREE,BUSY
06/08/14,01:35 PM,01:35 PM,Brewers at Pirates,PNC Park,"Local TV: ROOT SPORTS ----- Local Radio: KDKA-FM 93.7",06/08/14,06/08/14,04:35 PM,04:35 PM,FALSE,TRUE,06/08/14,12:35 PM,12:35 PM,FREE,BUSY
06/09/14,07:05 PM,07:05 PM,Cubs at Pirates,PNC Park,"Local TV: ROOT SPORTS ----- Local Radio: KDKA-FM 93.7",06/09/14,06/09/14,10:05 PM,10:05 PM,FALSE,TRUE,06/09/14,06:05 PM,06:05 PM,FREE,BUSY
06/10/14,07:05 PM,07:05 PM,Cubs at Pirates,PNC Park,"Local TV: ROOT SPORTS ----- Local Radio: KDKA-FM 93.7",06/10/14,06/10/14,10:05 PM,10:05 PM,FALSE,TRUE,06/10/14,06:05 PM,06:05 PM,FREE,BUSY
06/11/14,07:05 PM,07:05 PM,Cubs at Pirates,PNC Park,"Local TV: ROOT SPORTS ----- Local Radio: KDKA-FM 93.7",06/11/14,06/11/14,10:05 PM,10:05 PM,FALSE,TRUE,06/11/14,06:05 PM,06:05 PM,FREE,BUSY
06/12/14,07:05 PM,07:05 PM,Cubs at Pirates,PNC Park,"Local TV: ROOT SPORTS ----- Local Radio: KDKA-FM 93.7",06/12/14,06/12/14,10:05 PM,10:05 PM,FALSE,TRUE,06/12/14,06:05 PM,06:05 PM,FREE,BUSY
06/13/14,07:10 PM,07:10 PM,Pirates at Marlins,Marlins Park,"Local TV: ROOT SPORTS ----- Local Radio: KDKA-FM 93.7",06/13/14,06/13/14,10:10 PM,10:10 PM,FALSE,TRUE,06/13/14,06:10 PM,06:10 PM,FREE,BUSY
06/14/14,04:10 PM,04:10 PM,Pirates at Marlins,Marlins Park,"Local TV: ROOT SPORTS ----- Local Radio: KDKA-FM 93.7",06/14/14,06/14/14,07:10 PM,07:10 PM,FALSE,TRUE,06/14/14,03:10 PM,03:10 PM,FREE,BUSY
06/15/14,01:10 PM,01:10 PM,Pirates at Marlins,Marlins Park,"Local TV: ROOT SPORTS ----- Local Radio: KDKA-FM 93.7",06/15/14,06/15/14,04:10 PM,04:10 PM,FALSE,TRUE,06/15/14,12:10 PM,12:10 PM,FREE,BUSY
06/17/14,07:05 PM,07:05 PM,Reds at Pirates,PNC Park,"Local TV: ROOT SPORTS ----- Local Radio: KDKA-FM 93.7",06/17/14,06/17/14,10:05 PM,10:05 PM,FALSE,TRUE,06/17/14,06:05 PM,06:05 PM,FREE,BUSY
06/18/14,07:05 PM,07:05 PM,Reds at Pirates,PNC Park,"Local TV: ROOT SPORTS ----- Local Radio: KDKA-FM 93.7",06/18/14,06/18/14,10:05 PM,10:05 PM,FALSE,TRUE,06/18/14,06:05 PM,06:05 PM,FREE,BUSY
06/19/14,12:35 PM,12:35 PM,Reds at Pirates,PNC Park,"Local Radio: KDKA-FM 93.7",06/19/14,06/19/14,03:35 PM,03:35 PM,FALSE,TRUE,06/19/14,11:35 AM,11:35 AM,FREE,BUSY
06/20/14,04:05 PM,04:05 PM,Pirates at Cubs,Wrigley Field,"Local TV: ROOT SPORTS ----- Local Radio: KDKA-FM 93.7",06/20/14,06/20/14,07:05 PM,07:05 PM,FALSE,TRUE,06/20/14,03:05 PM,03:05 PM,FREE,BUSY
06/21/14,07:15 PM,07:15 PM,Pirates at Cubs,Wrigley Field,"Local TV: FOX ----- Local Radio: KDKA-FM 93.7",06/21/14,06/21/14,10:15 PM,10:15 PM,FALSE,TRUE,06/21/14,06:15 PM,06:15 PM,FREE,BUSY
06/22/14,02:20 PM,02:20 PM,Pirates at Cubs,Wrigley Field,"Local TV: ROOT SPORTS ----- Local Radio: KDKA-FM 93.7",06/22/14,06/22/14,05:20 PM,05:20 PM,FALSE,TRUE,06/22/14,01:20 PM,01:20 PM,FREE,BUSY
06/23/14,07:10 PM,07:10 PM,Pirates at Rays,Tropicana Field,"Local TV: ROOT SPORTS ----- Local Radio: KDKA-FM 93.7",06/23/14,06/23/14,10:10 PM,10:10 PM,FALSE,TRUE,06/23/14,06:10 PM,06:10 PM,FREE,BUSY
06/24/14,07:10 PM,07:10 PM,Pirates at Rays,Tropicana Field,"Local TV: ROOT SPORTS ----- Local Radio: KDKA-FM 93.7",06/24/14,06/24/14,10:10 PM,10:10 PM,FALSE,TRUE,06/24/14,06:10 PM,06:10 PM,FREE,BUSY
06/25/14,12:10 PM,12:10 PM,Pirates at Rays,Tropicana Field,"Local Radio: KDKA-FM 93.7",06/25/14,06/25/14,03:10 PM,03:10 PM,FALSE,TRUE,06/25/14,11:10 AM,11:10 AM,FREE,BUSY
06/26/14,07:05 PM,07:05 PM,Mets at Pirates,PNC Park,"Local TV: ROOT SPORTS ----- Local Radio: KDKA-FM 93.7",06/26/14,06/26/14,10:05 PM,10:05 PM,FALSE,TRUE,06/26/14,06:05 PM,06:05 PM,FREE,BUSY
06/27/14,07:05 PM,07:05 PM,Mets at Pirates,PNC Park,"Local TV: ROOT SPORTS ----- Local Radio: KDKA-FM 93.7",06/27/14,06/27/14,10:05 PM,10:05 PM,FALSE,TRUE,06/27/14,06:05 PM,06:05 PM,FREE,BUSY
06/28/14,04:05 PM,04:05 PM,Mets at Pirates,PNC Park,"Local TV: ROOT SPORTS ----- Local Radio: KDKA-FM 93.7",06/28/14,06/28/14,07:05 PM,07:05 PM,FALSE,TRUE,06/28/14,03:05 PM,03:05 PM,FREE,BUSY
06/29/14,01:35 PM,01:35 PM,Mets at Pirates,PNC Park,"Local TV: ROOT SPORTS ----- Local Radio: KDKA-FM 93.7",06/29/14,06/29/14,04:35 PM,04:35 PM,FALSE,TRUE,06/29/14,12:35 PM,12:35 PM,FREE,BUSY
07/01/14,07:05 PM,07:05 PM,D-backs at Pirates,PNC Park,"Local TV: ROOT SPORTS ----- Local Radio: KDKA-FM 93.7",07/01/14,07/01/14,10:05 PM,10:05 PM,FALSE,TRUE,07/01/14,06:05 PM,06:05 PM,FREE,BUSY
07/02/14,07:05 PM,07:05 PM,D-backs at Pirates,PNC Park,"Local TV: ROOT SPORTS ----- Local Radio: KDKA-FM 93.7",07/02/14,07/02/14,10:05 PM,10:05 PM,FALSE,TRUE,07/02/14,06:05 PM,06:05 PM,FREE,BUSY
07/03/14,07:05 PM,07:05 PM,D-backs at Pirates,PNC Park,"Local TV: ROOT SPORTS ----- Local Radio: KDKA-FM 93.7",07/03/14,07/03/14,10:05 PM,10:05 PM,FALSE,TRUE,07/03/14,06:05 PM,06:05 PM,FREE,BUSY
07/04/14,05:05 PM,05:05 PM,Phillies at Pirates,PNC Park,"Local TV: ROOT SPORTS ----- Local Radio: KDKA-FM 93.7",07/04/14,07/04/14,08:05 PM,08:05 PM,FALSE,TRUE,07/04/14,04:05 PM,04:05 PM,FREE,BUSY
07/05/14,04:05 PM,04:05 PM,Phillies at Pirates,PNC Park,"Local TV: ROOT SPORTS ----- Local Radio: KDKA-FM 93.7",07/05/14,07/05/14,07:05 PM,07:05 PM,FALSE,TRUE,07/05/14,03:05 PM,03:05 PM,FREE,BUSY
07/06/14,01:35 PM,01:35 PM,Phillies at Pirates,PNC Park,"Local TV: ROOT SPORTS ----- Local Radio: KDKA-FM 93.7",07/06/14,07/06/14,04:35 PM,04:35 PM,FALSE,TRUE,07/06/14,12:35 PM,12:35 PM,FREE,BUSY
07/07/14,08:15 PM,08:15 PM,Pirates at Cardinals,Busch Stadium,"Local TV: ROOT SPORTS ----- Local Radio: KDKA-FM 93.7",07/07/14,07/07/14,11:15 PM,11:15 PM,FALSE,TRUE,07/07/14,07:15 PM,07:15 PM,FREE,BUSY
07/08/14,08:15 PM,08:15 PM,Pirates at Cardinals,Busch Stadium,"Local TV: ROOT SPORTS ----- Local Radio: KDKA-FM 93.7",07/08/14,07/08/14,11:15 PM,11:15 PM,FALSE,TRUE,07/08/14,07:15 PM,07:15 PM,FREE,BUSY
07/09/14,08:15 PM,08:15 PM,Pirates at Cardinals,Busch Stadium,"Local Radio: KDKA-FM 93.7",07/09/14,07/09/14,11:15 PM,11:15 PM,FALSE,TRUE,07/09/14,07:15 PM,07:15 PM,FREE,BUSY
07/10/14,07:15 PM,07:15 PM,Pirates at Cardinals,Busch Stadium,"Local TV: ROOT SPORTS ----- Local Radio: KDKA-FM 93.7",07/10/14,07/10/14,10:15 PM,10:15 PM,FALSE,TRUE,07/10/14,06:15 PM,06:15 PM,FREE,BUSY
07/11/14,07:10 PM,07:10 PM,Pirates at Reds,Great American Ball Park,"Local TV: ROOT SPORTS ----- Local Radio: KDKA-FM 93.7",07/11/14,07/11/14,10:10 PM,10:10 PM,FALSE,TRUE,07/11/14,06:10 PM,06:10 PM,FREE,BUSY
07/12/14,07:15 PM,07:15 PM,Pirates at Reds,Great American Ball Park,"Local TV: FOX ----- Local Radio: KDKA-FM 93.7",07/12/14,07/12/14,10:15 PM,10:15 PM,FALSE,TRUE,07/12/14,06:15 PM,06:15 PM,FREE,BUSY
07/13/14,01:10 PM,01:10 PM,Pirates at Reds,Great American Ball Park,"Local TV: ROOT SPORTS ----- Local Radio: KDKA-FM 93.7",07/13/14,07/13/14,04:10 PM,04:10 PM,FALSE,TRUE,07/13/14,12:10 PM,12:10 PM,FREE,BUSY
07/15/14,03:33 AM,03:33 AM,NL All-Stars at AL All-Stars,Target Field,,07/15/14,07/15/14,06:33 AM,06:33 AM,FALSE,TRUE,07/15/14,02:33 AM,02:33 AM,FREE,BUSY
07/18/14,07:05 PM,07:05 PM,Rockies at Pirates,PNC Park,"Local TV: ROOT SPORTS ----- Local Radio: KDKA-FM 93.7",07/18/14,07/18/14,10:05 PM,10:05 PM,FALSE,TRUE,07/18/14,06:05 PM,06:05 PM,FREE,BUSY
07/19/14,07:05 PM,07:05 PM,Rockies at Pirates,PNC Park,"Local TV: ROOT SPORTS ----- Local Radio: KDKA-FM 93.7",07/19/14,07/19/14,10:05 PM,10:05 PM,FALSE,TRUE,07/19/14,06:05 PM,06:05 PM,FREE,BUSY
07/20/14,01:35 PM,01:35 PM,Rockies at Pirates,PNC Park,"Local TV: ROOT SPORTS ----- Local Radio: KDKA-FM 93.7",07/20/14,07/20/14,04:35 PM,04:35 PM,FALSE,TRUE,07/20/14,12:35 PM,12:35 PM,FREE,BUSY
07/21/14,07:05 PM,07:05 PM,Dodgers at Pirates,PNC Park,"Local TV: ROOT SPORTS ----- Local Radio: KDKA-FM 93.7",07/21/14,07/21/14,10:05 PM,10:05 PM,FALSE,TRUE,07/21/14,06:05 PM,06:05 PM,FREE,BUSY
07/22/14,07:05 PM,07:05 PM,Dodgers at Pirates,PNC Park,"Local TV: ROOT SPORTS ----- Local Radio: KDKA-FM 93.7",07/22/14,07/22/14,10:05 PM,10:05 PM,FALSE,TRUE,07/22/14,06:05 PM,06:05 PM,FREE,BUSY
07/23/14,07:05 PM,07:05 PM,Dodgers at Pirates,PNC Park,"Local TV: ROOT SPORTS ----- Local Radio: KDKA-FM 93.7",07/23/14,07/23/14,10:05 PM,10:05 PM,FALSE,TRUE,07/23/14,06:05 PM,06:05 PM,FREE,BUSY
07/25/14,08:40 PM,08:40 PM,Pirates at Rockies,Coors Field,"Local TV: ROOT SPORTS ----- Local Radio: KDKA-FM 93.7",07/25/14,07/25/14,11:40 PM,11:40 PM,FALSE,TRUE,07/25/14,07:40 PM,07:40 PM,FREE,BUSY
07/26/14,08:10 PM,08:10 PM,Pirates at Rockies,Coors Field,"Local TV: ROOT SPORTS ----- Local Radio: KDKA-FM 93.7",07/26/14,07/26/14,11:10 PM,11:10 PM,FALSE,TRUE,07/26/14,07:10 PM,07:10 PM,FREE,BUSY
07/27/14,04:10 PM,04:10 PM,Pirates at Rockies,Coors Field,"Local TV: ROOT SPORTS ----- Local Radio: KDKA-FM 93.7",07/27/14,07/27/14,07:10 PM,07:10 PM,FALSE,TRUE,07/27/14,03:10 PM,03:10 PM,FREE,BUSY
07/28/14,10:15 PM,10:15 PM,Pirates at Giants,AT&T Park,"Local TV: ROOT SPORTS ----- Local Radio: KDKA-FM 93.7",07/29/14,07/29/14,01:15 AM,01:15 AM,FALSE,TRUE,07/28/14,09:15 PM,09:15 PM,FREE,BUSY
07/29/14,10:15 PM,10:15 PM,Pirates at Giants,AT&T Park,"Local TV: ROOT SPORTS ----- Local Radio: KDKA-FM 93.7",07/30/14,07/30/14,01:15 AM,01:15 AM,FALSE,TRUE,07/29/14,09:15 PM,09:15 PM,FREE,BUSY
07/30/14,03:45 PM,03:45 PM,Pirates at Giants,AT&T Park,"Local Radio: KDKA-FM 93.7",07/30/14,07/30/14,06:45 PM,06:45 PM,FALSE,TRUE,07/30/14,02:45 PM,02:45 PM,FREE,BUSY
07/31/14,09:40 PM,09:40 PM,Pirates at D-backs,Chase Field,"Local TV: ROOT SPORTS ----- Local Radio: KDKA-FM 93.7",08/01/14,08/01/14,12:40 AM,12:40 AM,FALSE,TRUE,07/31/14,08:40 PM,08:40 PM,FREE,BUSY
08/01/14,09:40 PM,09:40 PM,Pirates at D-backs,Chase Field,"Local TV: ROOT SPORTS ----- Local Radio: KDKA-FM 93.7",08/02/14,08/02/14,12:40 AM,12:40 AM,FALSE,TRUE,08/01/14,08:40 PM,08:40 PM,FREE,BUSY
08/02/14,08:10 PM,08:10 PM,Pirates at D-backs,Chase Field,"Local TV: ROOT SPORTS ----- Local Radio: KDKA-FM 93.7",08/02/14,08/02/14,11:10 PM,11:10 PM,FALSE,TRUE,08/02/14,07:10 PM,07:10 PM,FREE,BUSY
08/03/14,04:10 PM,04:10 PM,Pirates at D-backs,Chase Field,"Local TV: ROOT SPORTS ----- Local Radio: KDKA-FM 93.7",08/03/14,08/03/14,07:10 PM,07:10 PM,FALSE,TRUE,08/03/14,03:10 PM,03:10 PM,FREE,BUSY
08/05/14,07:05 PM,07:05 PM,Marlins at Pirates,PNC Park,"Local TV: ROOT SPORTS ----- Local Radio: KDKA-FM 93.7",08/05/14,08/05/14,10:05 PM,10:05 PM,FALSE,TRUE,08/05/14,06:05 PM,06:05 PM,FREE,BUSY
08/06/14,07:05 PM,07:05 PM,Marlins at Pirates,PNC Park,"Local TV: ROOT SPORTS ----- Local Radio: KDKA-FM 93.7",08/06/14,08/06/14,10:05 PM,10:05 PM,FALSE,TRUE,08/06/14,06:05 PM,06:05 PM,FREE,BUSY
08/07/14,07:05 PM,07:05 PM,Marlins at Pirates,PNC Park,"Local TV: ROOT SPORTS ----- Local Radio: KDKA-FM 93.7",08/07/14,08/07/14,10:05 PM,10:05 PM,FALSE,TRUE,08/07/14,06:05 PM,06:05 PM,FREE,BUSY
08/08/14,07:05 PM,07:05 PM,Padres at Pirates,PNC Park,"Local TV: ROOT SPORTS ----- Local Radio: KDKA-FM 93.7",08/08/14,08/08/14,10:05 PM,10:05 PM,FALSE,TRUE,08/08/14,06:05 PM,06:05 PM,FREE,BUSY
08/09/14,07:05 PM,07:05 PM,Padres at Pirates,PNC Park,"Local TV: ROOT SPORTS ----- Local Radio: KDKA-FM 93.7",08/09/14,08/09/14,10:05 PM,10:05 PM,FALSE,TRUE,08/09/14,06:05 PM,06:05 PM,FREE,BUSY
08/10/14,01:35 PM,01:35 PM,Padres at Pirates,PNC Park,"Local TV: ROOT SPORTS ----- Local Radio: KDKA-FM 93.7",08/10/14,08/10/14,04:35 PM,04:35 PM,FALSE,TRUE,08/10/14,12:35 PM,12:35 PM,FREE,BUSY
08/11/14,07:05 PM,07:05 PM,Tigers at Pirates,PNC Park,"Local TV: ROOT SPORTS ----- Local Radio: KDKA-FM 93.7",08/11/14,08/11/14,10:05 PM,10:05 PM,FALSE,TRUE,08/11/14,06:05 PM,06:05 PM,FREE,BUSY
08/12/14,07:05 PM,07:05 PM,Tigers at Pirates,PNC Park,"Local TV: ROOT SPORTS ----- Local Radio: KDKA-FM 93.7",08/12/14,08/12/14,10:05 PM,10:05 PM,FALSE,TRUE,08/12/14,06:05 PM,06:05 PM,FREE,BUSY
08/13/14,07:08 PM,07:08 PM,Pirates at Tigers,Comerica Park,"Local TV: ROOT SPORTS ----- Local Radio: KDKA-FM 93.7",08/13/14,08/13/14,10:08 PM,10:08 PM,FALSE,TRUE,08/13/14,06:08 PM,06:08 PM,FREE,BUSY
08/14/14,01:08 PM,01:08 PM,Pirates at Tigers,Comerica Park,"Local Radio: KDKA-FM 93.7",08/14/14,08/14/14,04:08 PM,04:08 PM,FALSE,TRUE,08/14/14,12:08 PM,12:08 PM,FREE,BUSY
08/15/14,07:05 PM,07:05 PM,Pirates at Nationals,Nationals Park,"Local TV: ROOT SPORTS ----- Local Radio: KDKA-FM 93.7",08/15/14,08/15/14,10:05 PM,10:05 PM,FALSE,TRUE,08/15/14,06:05 PM,06:05 PM,FREE,BUSY
08/16/14,07:05 PM,07:05 PM,Pirates at Nationals,Nationals Park,"Local TV: ROOT SPORTS ----- Local Radio: KDKA-FM 93.7",08/16/14,08/16/14,10:05 PM,10:05 PM,FALSE,TRUE,08/16/14,06:05 PM,06:05 PM,FREE,BUSY
08/17/14,05:05 PM,05:05 PM,Pirates at Nationals,Nationals Park,"Local TV: ROOT SPORTS ----- Local Radio: KDKA-FM 93.7",08/17/14,08/17/14,08:05 PM,08:05 PM,FALSE,TRUE,08/17/14,04:05 PM,04:05 PM,FREE,BUSY
08/18/14,07:05 PM,07:05 PM,Braves at Pirates,PNC Park,"Local TV: ROOT SPORTS ----- Local Radio: KDKA-FM 93.7",08/18/14,08/18/14,10:05 PM,10:05 PM,FALSE,TRUE,08/18/14,06:05 PM,06:05 PM,FREE,BUSY
08/19/14,07:05 PM,07:05 PM,Braves at Pirates,PNC Park,"Local TV: ROOT SPORTS ----- Local Radio: KDKA-FM 93.7",08/19/14,08/19/14,10:05 PM,10:05 PM,FALSE,TRUE,08/19/14,06:05 PM,06:05 PM,FREE,BUSY
08/20/14,07:05 PM,07:05 PM,Braves at Pirates,PNC Park,"Local TV: ROOT SPORTS ----- Local Radio: KDKA-FM 93.7",08/20/14,08/20/14,10:05 PM,10:05 PM,FALSE,TRUE,08/20/14,06:05 PM,06:05 PM,FREE,BUSY
08/22/14,08:10 PM,08:10 PM,Pirates at Brewers,Miller Park,"Local TV: ROOT SPORTS ----- Local Radio: KDKA-FM 93.7",08/22/14,08/22/14,11:10 PM,11:10 PM,FALSE,TRUE,08/22/14,07:10 PM,07:10 PM,FREE,BUSY
08/23/14,07:10 PM,07:10 PM,Pirates at Brewers,Miller Park,"Local TV: ROOT SPORTS ----- Local Radio: KDKA-FM 93.7",08/23/14,08/23/14,10:10 PM,10:10 PM,FALSE,TRUE,08/23/14,06:10 PM,06:10 PM,FREE,BUSY
08/24/14,02:10 PM,02:10 PM,Pirates at Brewers,Miller Park,"Local TV: ROOT SPORTS ----- Local Radio: KDKA-FM 93.7",08/24/14,08/24/14,05:10 PM,05:10 PM,FALSE,TRUE,08/24/14,01:10 PM,01:10 PM,FREE,BUSY
08/25/14,07:05 PM,07:05 PM,Cardinals at Pirates,PNC Park,"Local TV: ROOT SPORTS ----- Local Radio: KDKA-FM 93.7",08/25/14,08/25/14,10:05 PM,10:05 PM,FALSE,TRUE,08/25/14,06:05 PM,06:05 PM,FREE,BUSY
08/26/14,07:05 PM,07:05 PM,Cardinals at Pirates,PNC Park,"Local TV: ROOT SPORTS ----- Local Radio: KDKA-FM 93.7",08/26/14,08/26/14,10:05 PM,10:05 PM,FALSE,TRUE,08/26/14,06:05 PM,06:05 PM,FREE,BUSY
08/27/14,12:35 PM,12:35 PM,Cardinals at Pirates,PNC Park,"Local TV: ROOT SPORTS ----- Local Radio: KDKA-FM 93.7",08/27/14,08/27/14,03:35 PM,03:35 PM,FALSE,TRUE,08/27/14,11:35 AM,11:35 AM,FREE,BUSY
08/29/14,07:05 PM,07:05 PM,Reds at Pirates,PNC Park,"Local TV: ROOT SPORTS ----- Local Radio: KDKA-FM 93.7",08/29/14,08/29/14,10:05 PM,10:05 PM,FALSE,TRUE,08/29/14,06:05 PM,06:05 PM,FREE,BUSY
08/30/14,04:05 PM,04:05 PM,Reds at Pirates,PNC Park,"Local TV: ROOT SPORTS -- FS1 ----- Local Radio: KDKA-FM 93.7",08/30/14,08/30/14,07:05 PM,07:05 PM,FALSE,TRUE,08/30/14,03:05 PM,03:05 PM,FREE,BUSY
08/31/14,01:35 PM,01:35 PM,Reds at Pirates,PNC Park,"Local TV: ROOT SPORTS ----- Local Radio: KDKA-FM 93.7",08/31/14,08/31/14,04:35 PM,04:35 PM,FALSE,TRUE,08/31/14,12:35 PM,12:35 PM,FREE,BUSY
09/01/14,02:15 PM,02:15 PM,Pirates at Cardinals,Busch Stadium,"Local TV: ROOT SPORTS ----- Local Radio: KDKA-FM 93.7",09/01/14,09/01/14,05:15 PM,05:15 PM,FALSE,TRUE,09/01/14,01:15 PM,01:15 PM,FREE,BUSY
09/02/14,08:15 PM,08:15 PM,Pirates at Cardinals,Busch Stadium,"Local TV: ROOT SPORTS ----- Local Radio: KDKA-FM 93.7",09/02/14,09/02/14,11:15 PM,11:15 PM,FALSE,TRUE,09/02/14,07:15 PM,07:15 PM,FREE,BUSY
09/03/14,01:45 PM,01:45 PM,Pirates at Cardinals,Busch Stadium,"Local TV: ROOT SPORTS ----- Local Radio: KDKA-FM 93.7",09/03/14,09/03/14,04:45 PM,04:45 PM,FALSE,TRUE,09/03/14,12:45 PM,12:45 PM,FREE,BUSY
09/05/14,02:20 PM,02:20 PM,Pirates at Cubs,Wrigley Field,"Local TV: ROOT SPORTS ----- Local Radio: KDKA-FM 93.7",09/05/14,09/05/14,05:20 PM,05:20 PM,FALSE,TRUE,09/05/14,01:20 PM,01:20 PM,FREE,BUSY
09/06/14,04:05 PM,04:05 PM,Pirates at Cubs,Wrigley Field,"Local TV: ROOT SPORTS ----- Local Radio: KDKA-FM 93.7",09/06/14,09/06/14,07:05 PM,07:05 PM,FALSE,TRUE,09/06/14,03:05 PM,03:05 PM,FREE,BUSY
09/07/14,02:20 PM,02:20 PM,Pirates at Cubs,Wrigley Field,"Local TV: ROOT SPORTS ----- Local Radio: KDKA-FM 93.7",09/07/14,09/07/14,05:20 PM,05:20 PM,FALSE,TRUE,09/07/14,01:20 PM,01:20 PM,FREE,BUSY
09/08/14,07:05 PM,07:05 PM,Pirates at Phillies,Citizens Bank Park,"Local TV: ROOT SPORTS ----- Local Radio: KDKA-FM 93.7",09/08/14,09/08/14,10:05 PM,10:05 PM,FALSE,TRUE,09/08/14,06:05 PM,06:05 PM,FREE,BUSY
09/09/14,07:05 PM,07:05 PM,Pirates at Phillies,Citizens Bank Park,"Local TV: ROOT SPORTS ----- Local Radio: KDKA-FM 93.7",09/09/14,09/09/14,10:05 PM,10:05 PM,FALSE,TRUE,09/09/14,06:05 PM,06:05 PM,FREE,BUSY
09/10/14,07:05 PM,07:05 PM,Pirates at Phillies,Citizens Bank Park,"Local TV: ROOT SPORTS ----- Local Radio: KDKA-FM 93.7",09/10/14,09/10/14,10:05 PM,10:05 PM,FALSE,TRUE,09/10/14,06:05 PM,06:05 PM,FREE,BUSY
09/11/14,07:05 PM,07:05 PM,Pirates at Phillies,Citizens Bank Park,"Local TV: ROOT SPORTS ----- Local Radio: KDKA-FM 93.7",09/11/14,09/11/14,10:05 PM,10:05 PM,FALSE,TRUE,09/11/14,06:05 PM,06:05 PM,FREE,BUSY
09/12/14,07:05 PM,07:05 PM,Cubs at Pirates,PNC Park,"Local TV: ROOT SPORTS ----- Local Radio: KDKA-FM 93.7",09/12/14,09/12/14,10:05 PM,10:05 PM,FALSE,TRUE,09/12/14,06:05 PM,06:05 PM,FREE,BUSY
09/13/14,07:05 PM,07:05 PM,Cubs at Pirates,PNC Park,"Local TV: ROOT SPORTS ----- Local Radio: KDKA-FM 93.7",09/13/14,09/13/14,10:05 PM,10:05 PM,FALSE,TRUE,09/13/14,06:05 PM,06:05 PM,FREE,BUSY
09/14/14,01:35 PM,01:35 PM,Cubs at Pirates,PNC Park,"Local TV: ROOT SPORTS ----- Local Radio: KDKA-FM 93.7",09/14/14,09/14/14,04:35 PM,04:35 PM,FALSE,TRUE,09/14/14,12:35 PM,12:35 PM,FREE,BUSY
09/16/14,07:05 PM,07:05 PM,Red Sox at Pirates,PNC Park,"Local TV: ROOT SPORTS ----- Local Radio: KDKA-FM 93.7",09/16/14,09/16/14,10:05 PM,10:05 PM,FALSE,TRUE,09/16/14,06:05 PM,06:05 PM,FREE,BUSY
09/17/14,07:05 PM,07:05 PM,Red Sox at Pirates,PNC Park,"Local TV: ROOT SPORTS ----- Local Radio: KDKA-FM 93.7",09/17/14,09/17/14,10:05 PM,10:05 PM,FALSE,TRUE,09/17/14,06:05 PM,06:05 PM,FREE,BUSY
09/18/14,07:05 PM,07:05 PM,Red Sox at Pirates,PNC Park,"Local TV: ROOT SPORTS ----- Local Radio: KDKA-FM 93.7",09/18/14,09/18/14,10:05 PM,10:05 PM,FALSE,TRUE,09/18/14,06:05 PM,06:05 PM,FREE,BUSY
09/19/14,07:05 PM,07:05 PM,Brewers at Pirates,PNC Park,"Local TV: ROOT SPORTS ----- Local Radio: KDKA-FM 93.7",09/19/14,09/19/14,10:05 PM,10:05 PM,FALSE,TRUE,09/19/14,06:05 PM,06:05 PM,FREE,BUSY
09/20/14,07:05 PM,07:05 PM,Brewers at Pirates,PNC Park,"Local TV: ROOT SPORTS ----- Local Radio: KDKA-FM 93.7",09/20/14,09/20/14,10:05 PM,10:05 PM,FALSE,TRUE,09/20/14,06:05 PM,06:05 PM,FREE,BUSY
09/21/14,01:35 PM,01:35 PM,Brewers at Pirates,PNC Park,"Local TV: ROOT SPORTS ----- Local Radio: KDKA-FM 93.7",09/21/14,09/21/14,04:35 PM,04:35 PM,FALSE,TRUE,09/21/14,12:35 PM,12:35 PM,FREE,BUSY
09/22/14,07:10 PM,07:10 PM,Pirates at Braves,Turner Field,"Local TV: ROOT SPORTS ----- Local Radio: KDKA-FM 93.7",09/22/14,09/22/14,10:10 PM,10:10 PM,FALSE,TRUE,09/22/14,06:10 PM,06:10 PM,FREE,BUSY
09/23/14,07:10 PM,07:10 PM,Pirates at Braves,Turner Field,"Local TV: ROOT SPORTS ----- Local Radio: KDKA-FM 93.7",09/23/14,09/23/14,10:10 PM,10:10 PM,FALSE,TRUE,09/23/14,06:10 PM,06:10 PM,FREE,BUSY
09/24/14,07:10 PM,07:10 PM,Pirates at Braves,Turner Field,"Local TV: ROOT SPORTS ----- Local Radio: KDKA-FM 93.7",09/24/14,09/24/14,10:10 PM,10:10 PM,FALSE,TRUE,09/24/14,06:10 PM,06:10 PM,FREE,BUSY
09/25/14,07:10 PM,07:10 PM,Pirates at Braves,Turner Field,"Local TV: ROOT SPORTS ----- Local Radio: KDKA-FM 93.7",09/25/14,09/25/14,10:10 PM,10:10 PM,FALSE,TRUE,09/25/14,06:10 PM,06:10 PM,FREE,BUSY
09/26/14,07:10 PM,07:10 PM,Pirates at Reds,Great American Ball Park,"Local TV: ROOT SPORTS ----- Local Radio: KDKA-FM 93.7",09/26/14,09/26/14,10:10 PM,10:10 PM,FALSE,TRUE,09/26/14,06:10 PM,06:10 PM,FREE,BUSY
09/27/14,04:10 PM,04:10 PM,Pirates at Reds,Great American Ball Park,"Local TV: ROOT SPORTS ----- Local Radio: KDKA-FM 93.7",09/27/14,09/27/14,07:10 PM,07:10 PM,FALSE,TRUE,09/27/14,03:10 PM,03:10 PM,FREE,BUSY
09/28/14,01:10 PM,01:10 PM,Pirates at Reds,Great American Ball Park,"Local TV: ROOT SPORTS ----- Local Radio: KDKA-FM 93.7",09/28/14,09/28/14,04:10 PM,04:10 PM,FALSE,TRUE,09/28/14,12:10 PM,12:10 PM,FREE,BUSY